"Data";"Hora (UTC)";"Temp. Ins. (C)";"Temp. Max. (C)";"Temp. Min. (C)";"Umi. Ins. (%)";"Umi. Max. (%)";"Umi. Min. (%)";"Pto Orvalho Ins. (C)";"Pto Orvalho Max. (C)";"Pto Orvalho Min. (C)";"Pressao Ins. (hPa)";"Pressao Max. (hPa)";"Pressao Min. (hPa)";"Vel. Vento (m/s)";"Dir. Vento (m/s)";"Raj. Vento (m/s)";"Radiacao (KJ/m²)";"Chuva (mm)"
"10/09/2026";"0000";"23,2";"23,3";"23,1";"95,0";"95,0";"92,0";"22,3";"22,3";"22,0";"";"";"";"";"";"";"";"0,0"
"10/09/2026";"0100";"22,7";"23,2";"22,7";"91,0";"95,0";"91,0";"21,3";"22,2";"21,2";"";"";"";"";"";"";"";"0,0"
"10/09/2026";"0200";"22,5";"22,7";"22,5";"91,0";"92,0";"90,0";"21,0";"21,3";"20,9";"";"";"";"";"";"";"";"0,0"
"10/09/2026";"0300";"22,1";"22,5";"22,1";"92,0";"93,0";"91,0";"20,8";"21,0";"20,8";"";"";"";"";"";"";"";"0,0"
"10/09/2026";"0400";"22,0";"22,1";"22,0";"92,0";"92,0";"92,0";"20,6";"20,8";"20,6";"";"";"";"";"";"";"";"0,0"
"10/09/2026";"0500";"22,0";"22,3";"22,0";"92,0";"92,0";"90,0";"20,6";"20,7";"20,4";"";"";"";"";"";"";"";"0,0"
"10/09/2026";"0600";"21,9";"22,1";"21,9";"92,0";"92,0";"91,0";"20,6";"20,7";"20,5";"";"";"";"";"";"";"";"0,0"
"10/09/2026";"0700";"21,7";"21,9";"21,7";"92,0";"93,0";"92,0";"20,4";"20,6";"20,4";"";"";"";"";"";"";"";"0,0"
"10/09/2026";"0800";"22,0";"22,1";"21,6";"94,0";"94,0";"92,0";"21,0";"21,0";"20,3";"";"";"";"";"";"";"";"0,0"
"10/09/2026";"0900";"21,9";"22,1";"21,9";"94,0";"95,0";"93,0";"20,9";"21,1";"20,9";"";"";"";"";"";"";"17,30";"0,0"
"10/09/2026";"1000";"23,5";"23,5";"21,9";"88,0";"94,0";"88,0";"21,5";"21,7";"20,9";"";"";"";"";"";"";"236,40";"0,0"
"10/09/2026";"1100";"25,9";"25,9";"23,5";"78,0";"89,0";"78,0";"21,6";"22,3";"21,2";"";"";"";"";"";"";"1079,00";"0,0"
"10/09/2026";"1200";"26,4";"27,6";"25,8";"76,0";"78,0";"70,0";"21,7";"22,4";"21,3";"";"";"";"";"";"";"1636,30";"0,0"
"10/09/2026";"1300";"28,7";"28,7";"25,7";"69,0";"87,0";"68,0";"22,4";"23,7";"21,7";"";"";"";"";"";"";"1798,00";"0,0"
"10/09/2026";"1400";"28,8";"29,6";"28,5";"67,0";"70,0";"63,0";"22,1";"22,9";"21,4";"";"";"";"";"";"";"2136,10";"0,0"
"10/09/2026";"1500";"27,2";"28,8";"24,9";"82,0";"95,0";"67,0";"23,9";"25,1";"21,6";"";"";"";"";"";"";"1725,10";"0,0"
"10/09/2026";"1600";"29,7";"29,7";"27,2";"64,0";"83,0";"62,0";"22,2";"24,4";"21,2";"";"";"";"";"";"";"2814,60";"0,0"
"10/09/2026";"1700";"30,5";"30,7";"28,5";"60,0";"72,0";"56,0";"21,9";"23,4";"20,5";"";"";"";"";"";"";"2623,50";"0,0"
"10/09/2026";"1800";"28,2";"30,6";"28,2";"72,0";"72,0";"60,0";"22,6";"22,8";"21,9";"";"";"";"";"";"";"1118,00";"0,0"
"10/09/2026";"1900";"26,7";"28,2";"26,7";"77,0";"77,0";"71,0";"22,2";"22,7";"21,6";"";"";"";"";"";"";"574,10";"0,0"
"10/09/2026";"2000";"25,1";"26,7";"25,1";"78,0";"82,0";"76,0";"21,1";"22,7";"21,1";"";"";"";"";"";"";"271,00";"0,0"
"10/09/2026";"2100";"24,5";"25,2";"24,5";"83,0";"84,0";"79,0";"21,5";"21,6";"21,1";"";"";"";"";"";"";"20,40";"0,0"
"10/09/2026";"2200";"24,3";"24,5";"24,3";"82,0";"84,0";"81,0";"21,0";"21,6";"20,8";"";"";"";"";"";"";"";"0,0"
"10/09/2026";"2300";"24,6";"24,6";"24,3";"84,0";"84,0";"80,0";"21,8";"21,8";"20,7";"";"";"";"";"";"";"";"0,0"
"11/09/2026";"0000";"24,2";"24,6";"24,2";"89,0";"90,0";"84,0";"22,3";"22,4";"21,8";"";"";"";"";"";"";"";"0,0"
"11/09/2026";"0100";"24,0";"24,2";"23,9";"91,0";"91,0";"89,0";"22,4";"22,4";"22,2";"";"";"";"";"";"";"";"0,0"
"11/09/2026";"0200";"23,5";"24,0";"23,5";"94,0";"94,0";"91,0";"22,5";"22,5";"22,4";"";"";"";"";"";"";"";"0,0"
"11/09/2026";"0300";"23,2";"23,5";"23,2";"96,0";"96,0";"94,0";"22,5";"22,5";"22,4";"";"";"";"";"";"";"";"0,0"
"11/09/2026";"0400";"23,4";"23,4";"23,2";"95,0";"96,0";"95,0";"22,6";"22,7";"22,6";"";"";"";"";"";"";"";"0,0"
"11/09/2026";"0500";"23,2";"23,5";"23,2";"98,0";"98,0";"95,0";"22,8";"22,9";"22,6";"";"";"";"";"";"";"";"0,0"
"11/09/2026";"0600";"22,8";"23,2";"22,8";"99,0";"99,0";"98,0";"22,6";"22,8";"22,5";"";"";"";"";"";"";"";"0,0"
"11/09/2026";"0700";"23,0";"23,0";"22,6";"99,0";"99,0";"98,0";"22,8";"22,8";"22,4";"";"";"";"";"";"";"";"0,0"
"11/09/2026";"0800";"22,5";"23,1";"22,5";"99,0";"99,0";"98,0";"22,3";"22,9";"22,3";"";"";"";"";"";"";"";"0,0"
"11/09/2026";"0900";"22,5";"22,8";"22,5";"99,0";"99,0";"99,0";"22,3";"22,6";"22,3";"";"";"";"";"";"";"24,90";"3,4"
"11/09/2026";"1000";"23,3";"23,5";"22,5";"98,0";"99,0";"98,0";"23,0";"23,2";"22,3";"";"";"";"";"";"";"261,30";"0,0"
"11/09/2026";"1100";"25,4";"25,4";"23,3";"92,0";"98,0";"89,0";"24,1";"24,2";"22,5";"";"";"";"";"";"";"1040,40";"0,0"
"11/09/2026";"1200";"26,6";"26,6";"25,3";"87,0";"93,0";"84,0";"24,2";"24,4";"22,9";"";"";"";"";"";"";"1413,20";"0,0"
"11/09/2026";"1300";"28,2";"28,2";"26,5";"78,0";"87,0";"71,0";"23,9";"24,7";"22,1";"";"";"";"";"";"";"2554,30";"0,0"
"11/09/2026";"1400";"29,0";"29,0";"27,8";"70,0";"79,0";"67,0";"23,0";"24,2";"22,3";"";"";"";"";"";"";"2568,40";"0,2"
"11/09/2026";"1500";"29,8";"29,8";"28,6";"69,0";"77,0";"63,0";"23,4";"24,8";"21,7";"";"";"";"";"";"";"3039,20";"0,0"
"11/09/2026";"1600";"30,1";"30,5";"29,3";"65,0";"71,0";"61,0";"22,6";"23,6";"21,7";"";"";"";"";"";"";"3128,40";"0,0"
"11/09/2026";"1700";"29,9";"30,4";"29,6";"63,0";"67,0";"60,0";"22,1";"23,2";"21,4";"";"";"";"";"";"";"2829,70";"0,0"
"11/09/2026";"1800";"29,4";"30,1";"29,3";"64,0";"65,0";"59,0";"22,0";"22,3";"21,0";"";"";"";"";"";"";"2244,30";"0,0"
"11/09/2026";"1900";"28,5";"29,5";"28,5";"65,0";"67,0";"60,0";"21,4";"21,9";"20,6";"";"";"";"";"";"";"1397,70";"0,0"
"11/09/2026";"2000";"26,7";"28,6";"26,7";"73,0";"73,0";"65,0";"21,5";"22,2";"20,9";"";"";"";"";"";"";"655,70";"0,0"
"11/09/2026";"2100";"25,2";"26,7";"25,2";"82,0";"82,0";"72,0";"22,0";"22,0";"21,0";"";"";"";"";"";"";"34,80";"0,0"
"11/09/2026";"2200";"24,5";"25,2";"24,4";"84,0";"86,0";"82,0";"21,6";"22,2";"21,6";"";"";"";"";"";"";"";"0,0"
"11/09/2026";"2300";"23,5";"24,5";"23,5";"89,0";"89,0";"84,0";"21,6";"21,8";"21,6";"";"";"";"";"";"";"";"0,0"
"12/09/2026";"0000";"23,3";"23,6";"23,2";"88,0";"89,0";"88,0";"21,1";"21,6";"21,1";"";"";"";"";"";"";"";"0,0"
"12/09/2026";"0100";"22,9";"23,4";"22,9";"88,0";"89,0";"86,0";"20,8";"21,2";"20,8";"";"";"";"";"";"";"";"0,0"
"12/09/2026";"0200";"22,4";"23,0";"22,4";"91,0";"91,0";"88,0";"20,9";"21,0";"20,8";"";"";"";"";"";"";"";"0,0"
"12/09/2026";"0300";"22,1";"22,4";"22,0";"91,0";"92,0";"90,0";"20,5";"20,9";"20,4";"";"";"";"";"";"";"";"0,0"
"12/09/2026";"0400";"22,3";"22,3";"22,1";"92,0";"92,0";"90,0";"20,9";"20,9";"20,4";"";"";"";"";"";"";"";"0,0"
"12/09/2026";"0500";"22,0";"22,3";"22,0";"93,0";"93,0";"91,0";"20,8";"20,9";"20,8";"";"";"";"";"";"";"";"0,0"
"12/09/2026";"0600";"22,0";"22,1";"22,0";"92,0";"94,0";"92,0";"20,7";"21,0";"20,7";"";"";"";"";"";"";"";"0,0"
"12/09/2026";"0700";"22,2";"22,2";"22,0";"92,0";"94,0";"92,0";"20,8";"21,1";"20,8";"";"";"";"";"";"";"";"0,0"
"12/09/2026";"0800";"22,1";"22,2";"22,0";"96,0";"96,0";"91,0";"21,3";"21,3";"20,7";"";"";"";"";"";"";"";"0,0"
"12/09/2026";"0900";"21,7";"22,1";"21,7";"96,0";"96,0";"95,0";"21,1";"21,3";"20,9";"";"";"";"";"";"";"20,60";"0,0"
"12/09/2026";"1000";"23,2";"23,2";"21,7";"92,0";"96,0";"92,0";"21,8";"21,8";"21,1";"";"";"";"";"";"";"256,90";"0,0"
"12/09/2026";"1100";"25,3";"25,4";"23,2";"79,0";"92,0";"79,0";"21,4";"22,0";"21,4";"";"";"";"";"";"";"1107,40";"0,0"
"12/09/2026";"1200";"26,9";"27,5";"25,3";"76,0";"82,0";"73,0";"22,3";"22,9";"21,6";"";"";"";"";"";"";"1976,40";"0,0"
"12/09/2026";"1300";"26,5";"26,9";"25,8";"80,0";"84,0";"77,0";"22,9";"23,2";"22,5";"";"";"";"";"";"";"1761,10";"0,0"
"12/09/2026";"1400";"27,0";"27,6";"26,3";"78,0";"82,0";"76,0";"22,8";"23,7";"22,3";"";"";"";"";"";"";"1562,10";"0,0"
"12/09/2026";"1500";"28,9";"29,0";"26,9";"73,0";"80,0";"73,0";"23,7";"24,0";"22,8";"";"";"";"";"";"";"2989,90";"0,0"
"12/09/2026";"1600";"29,4";"29,4";"28,8";"75,0";"78,0";"72,0";"24,4";"24,8";"23,7";"";"";"";"";"";"";"3407,90";"0,0"
"12/09/2026";"1700";"30,1";"30,1";"28,6";"69,0";"79,0";"68,0";"23,7";"25,1";"23,7";"";"";"";"";"";"";"2665,00";"0,0"
"12/09/2026";"1800";"29,8";"30,4";"29,6";"68,0";"72,0";"66,0";"23,3";"24,6";"23,0";"";"";"";"";"";"";"2240,10";"0,0"
"12/09/2026";"1900";"28,5";"29,9";"28,5";"70,0";"71,0";"67,0";"22,7";"23,4";"22,2";"";"";"";"";"";"";"1276,70";"0,0"
"12/09/2026";"2000";"27,0";"28,6";"27,0";"77,0";"77,0";"70,0";"22,7";"22,8";"22,3";"";"";"";"";"";"";"592,70";"0,0"
"12/09/2026";"2100";"25,6";"27,0";"25,6";"83,0";"83,0";"77,0";"22,6";"22,8";"21,9";"";"";"";"";"";"";"33,90";"0,0"
"12/09/2026";"2200";"25,1";"25,6";"25,1";"88,0";"88,0";"83,0";"22,9";"22,9";"22,6";"";"";"";"";"";"";"";"0,0"
"12/09/2026";"2300";"24,7";"25,1";"24,7";"89,0";"90,0";"88,0";"22,8";"23,0";"22,8";"";"";"";"";"";"";"";"0,0"
"13/09/2026";"0000";"24,4";"24,7";"24,4";"90,0";"90,0";"89,0";"22,7";"22,8";"22,6";"";"";"";"";"";"";"";"0,0"
"13/09/2026";"0100";"24,2";"24,4";"24,2";"91,0";"91,0";"90,0";"22,6";"22,8";"22,5";"";"";"";"";"";"";"";"0,0"
"13/09/2026";"0200";"24,0";"24,2";"23,9";"92,0";"93,0";"91,0";"22,7";"22,8";"22,6";"";"";"";"";"";"";"";"0,0"
"13/09/2026";"0300";"23,6";"24,0";"23,5";"93,0";"94,0";"91,0";"22,4";"22,7";"22,3";"";"";"";"";"";"";"";"0,0"
"13/09/2026";"0400";"23,0";"23,6";"23,0";"95,0";"95,0";"93,0";"22,2";"22,4";"22,2";"";"";"";"";"";"";"";"0,0"
"13/09/2026";"0500";"22,7";"23,0";"22,7";"97,0";"97,0";"95,0";"22,2";"22,4";"22,2";"";"";"";"";"";"";"";"0,0"
"13/09/2026";"0600";"22,8";"22,9";"22,7";"98,0";"98,0";"97,0";"22,4";"22,4";"22,2";"";"";"";"";"";"";"";"0,0"
"13/09/2026";"0700";"22,5";"22,8";"22,4";"99,0";"99,0";"97,0";"22,3";"22,4";"22,1";"";"";"";"";"";"";"";"0,0"
"13/09/2026";"0800";"22,3";"22,6";"22,3";"99,0";"99,0";"99,0";"22,1";"22,4";"22,1";"";"";"";"";"";"";"";"0,0"
"13/09/2026";"0900";"22,4";"22,4";"22,1";"99,0";"99,0";"99,0";"22,3";"22,3";"22,0";"";"";"";"";"";"";"23,10";"0,0"
"13/09/2026";"1000";"23,5";"23,5";"22,4";"94,0";"99,0";"94,0";"22,5";"22,6";"22,3";"";"";"";"";"";"";"285,20";"0,0"
"13/09/2026";"1100";"25,3";"25,3";"23,5";"85,0";"94,0";"85,0";"22,6";"23,0";"22,4";"";"";"";"";"";"";"920,10";"0,0"
"13/09/2026";"1200";"27,5";"27,6";"25,2";"72,0";"86,0";"71,0";"21,9";"22,7";"21,6";"";"";"";"";"";"";"2039,90";"0,0"
"13/09/2026";"1300";"27,8";"28,4";"27,2";"70,0";"74,0";"66,0";"21,9";"22,8";"21,2";"";"";"";"";"";"";"1967,40";"0,0"
"13/09/2026";"1400";"28,2";"29,8";"27,6";"74,0";"74,0";"61,0";"23,1";"23,6";"21,4";"";"";"";"";"";"";"2555,90";"0,0"
"13/09/2026";"1500";"28,0";"28,7";"26,9";"78,0";"81,0";"73,0";"23,8";"24,2";"22,8";"";"";"";"";"";"";"2275,60";"0,0"
"13/09/2026";"1600";"28,6";"29,8";"28,0";"75,0";"78,0";"70,0";"23,7";"24,2";"22,9";"";"";"";"";"";"";"3319,80";"0,0"
"13/09/2026";"1700";"30,1";"30,2";"27,7";"60,0";"78,0";"58,0";"21,4";"24,7";"20,8";"";"";"";"";"";"";"1934,20";"0,0"
"13/09/2026";"1800";"29,8";"30,3";"29,7";"62,0";"64,0";"58,0";"21,9";"22,2";"21,0";"";"";"";"";"";"";"2166,00";"0,0"
"13/09/2026";"1900";"28,5";"29,9";"28,5";"66,0";"66,0";"60,0";"21,4";"22,2";"20,7";"";"";"";"";"";"";"1347,80";"0,0"
"13/09/2026";"2000";"26,6";"28,5";"26,6";"73,0";"74,0";"66,0";"21,4";"22,1";"21,3";"";"";"";"";"";"";"609,80";"0,0"
"13/09/2026";"2100";"25,3";"26,6";"25,3";"80,0";"80,0";"73,0";"21,6";"21,7";"21,3";"";"";"";"";"";"";"36,90";"0,0"
"13/09/2026";"2200";"24,7";"25,3";"24,7";"83,0";"84,0";"80,0";"21,6";"22,0";"21,5";"";"";"";"";"";"";"";"0,0"
"13/09/2026";"2300";"24,2";"24,7";"24,2";"85,0";"85,0";"83,0";"21,5";"21,7";"21,4";"";"";"";"";"";"";"";"0,0"
"14/09/2026";"0000";"23,9";"24,2";"23,8";"86,0";"86,0";"84,0";"21,3";"21,5";"21,3";"";"";"";"";"";"";"";"0,0"
"14/09/2026";"0100";"23,4";"23,9";"23,4";"88,0";"88,0";"86,0";"21,3";"21,4";"21,2";"";"";"";"";"";"";"";"0,0"
"14/09/2026";"0200";"23,1";"23,4";"23,1";"88,0";"89,0";"87,0";"21,0";"21,3";"21,0";"";"";"";"";"";"";"";"0,0"
"14/09/2026";"0300";"22,9";"23,1";"22,8";"88,0";"89,0";"87,0";"20,8";"21,0";"20,7";"";"";"";"";"";"";"";"0,0"
"14/09/2026";"0400";"22,6";"22,8";"22,6";"90,0";"90,0";"88,0";"20,9";"20,9";"20,7";"";"";"";"";"";"";"";"0,0"
"14/09/2026";"0500";"22,5";"23,1";"22,5";"91,0";"91,0";"87,0";"20,9";"21,0";"20,8";"";"";"";"";"";"";"";"0,0"
"14/09/2026";"0600";"22,3";"22,5";"22,2";"89,0";"92,0";"89,0";"20,4";"21,0";"20,4";"";"";"";"";"";"";"";"0,0"
"14/09/2026";"0700";"22,3";"22,5";"22,3";"88,0";"89,0";"86,0";"20,2";"20,4";"20,1";"";"";"";"";"";"";"";"0,0"
"14/09/2026";"0800";"22,1";"22,4";"22,1";"87,0";"88,0";"87,0";"19,8";"20,2";"19,8";"";"";"";"";"";"";"";"0,0"
"14/09/2026";"0900";"21,9";"22,1";"21,8";"87,0";"88,0";"86,0";"19,7";"19,9";"19,6";"";"";"";"";"";"";"19,00";"0,0"
"14/09/2026";"1000";"23,7";"23,7";"21,9";"82,0";"89,0";"82,0";"20,5";"20,6";"19,7";"";"";"";"";"";"";"236,70";"0,0"
"14/09/2026";"1100";"25,6";"25,6";"23,7";"73,0";"83,0";"72,0";"20,3";"20,9";"19,8";"";"";"";"";"";"";"851,00";"0,0"
"14/09/2026";"1200";"26,8";"27,1";"25,4";"67,0";"75,0";"66,0";"20,2";"21,4";"19,7";"";"";"";"";"";"";"1286,40";"0,0"
"14/09/2026";"1300";"28,1";"28,2";"26,4";"58,0";"67,0";"58,0";"19,0";"20,7";"18,8";"";"";"";"";"";"";"1558,80";"0,0"
"14/09/2026";"1400";"29,1";"29,1";"27,9";"58,0";"63,0";"56,0";"19,9";"20,6";"18,9";"";"";"";"";"";"";"1930,80";"0,0"
"14/09/2026";"1500";"30,6";"30,6";"29,0";"49,0";"59,0";"48,0";"18,8";"20,4";"18,1";"";"";"";"";"";"";"2909,80";"0,0"
"14/09/2026";"1600";"30,7";"31,2";"30,3";"43,0";"51,0";"41,0";"16,9";"19,5";"16,3";"";"";"";"";"";"";"3399,40";"0,0"
"14/09/2026";"1700";"31,0";"31,8";"30,0";"45,0";"48,0";"42,0";"17,7";"19,0";"16,6";"";"";"";"";"";"";"2902,80";"0,0"
"14/09/2026";"1800";"30,2";"31,2";"30,1";"53,0";"53,0";"42,0";"19,5";"19,5";"16,3";"";"";"";"";"";"";"2351,30";"0,0"
"14/09/2026";"1900";"28,2";"30,2";"28,2";"59,0";"60,0";"49,0";"19,4";"20,1";"18,2";"";"";"";"";"";"";"1441,70";"0,0"
"14/09/2026";"2000";"26,3";"28,3";"26,3";"72,0";"72,0";"58,0";"20,8";"20,8";"19,1";"";"";"";"";"";"";"602,60";"0,0"
"14/09/2026";"2100";"24,7";"26,3";"24,7";"77,0";"77,0";"71,0";"20,4";"20,8";"20,1";"";"";"";"";"";"";"34,80";"0,0"
"14/09/2026";"2200";"23,6";"24,7";"23,6";"81,0";"81,0";"77,0";"20,1";"20,5";"20,1";"";"";"";"";"";"";"";"0,0"
"14/09/2026";"2300";"24,0";"24,0";"23,6";"84,0";"84,0";"81,0";"21,1";"21,2";"20,1";"";"";"";"";"";"";"";"0,0"
"15/09/2026";"0000";"23,6";"24,0";"23,6";"84,0";"85,0";"84,0";"20,8";"21,2";"20,8";"";"";"";"";"";"";"";"0,0"
"15/09/2026";"0100";"23,1";"23,6";"23,1";"86,0";"87,0";"84,0";"20,6";"20,9";"20,6";"";"";"";"";"";"";"";"0,0"
"15/09/2026";"0200";"22,8";"23,1";"22,5";"86,0";"89,0";"86,0";"20,3";"20,8";"20,0";"";"";"";"";"";"";"";"0,0"
"15/09/2026";"0300";"23,5";"23,5";"22,8";"85,0";"86,0";"84,0";"20,9";"21,0";"20,2";"";"";"";"";"";"";"";"0,0"
"15/09/2026";"0400";"23,6";"23,6";"23,4";"85,0";"86,0";"84,0";"20,8";"21,0";"20,6";"";"";"";"";"";"";"";"0,0"
"15/09/2026";"0500";"23,5";"23,6";"23,4";"83,0";"87,0";"82,0";"20,4";"21,2";"20,1";"";"";"";"";"";"";"";"0,0"
"15/09/2026";"0600";"23,1";"23,5";"23,1";"83,0";"85,0";"83,0";"20,0";"20,6";"20,0";"";"";"";"";"";"";"";"0,0"
"15/09/2026";"0700";"22,7";"23,1";"22,7";"90,0";"90,0";"82,0";"21,0";"21,0";"19,8";"";"";"";"";"";"";"";"0,0"
"15/09/2026";"0800";"22,3";"22,7";"22,3";"88,0";"91,0";"86,0";"20,1";"21,1";"20,0";"";"";"";"";"";"";"";"0,0"
"15/09/2026";"0900";"22,1";"22,3";"22,0";"87,0";"89,0";"87,0";"19,7";"20,1";"19,7";"";"";"";"";"";"";"20,10";"0,0"
"15/09/2026";"1000";"24,2";"24,2";"22,1";"77,0";"87,0";"77,0";"19,8";"20,0";"19,5";"";"";"";"";"";"";"239,30";"0,0"
"15/09/2026";"1100";"26,2";"26,5";"24,2";"69,0";"78,0";"66,0";"20,0";"20,5";"19,4";"";"";"";"";"";"";"1292,50";"0,0"
"15/09/2026";"1200";"27,6";"28,1";"26,2";"59,0";"70,0";"57,0";"19,0";"21,1";"18,3";"";"";"";"";"";"";"2175,40";"0,0"
"15/09/2026";"1300";"28,9";"28,9";"27,5";"58,0";"62,0";"53,0";"19,7";"20,5";"17,8";"";"";"";"";"";"";"2325,10";"0,0"
"15/09/2026";"1400";"28,2";"29,8";"27,8";"69,0";"70,0";"51,0";"22,0";"22,0";"18,7";"";"";"";"";"";"";"2867,90";"0,0"
"15/09/2026";"1500";"28,4";"29,3";"27,6";"65,0";"69,0";"59,0";"21,2";"22,3";"20,2";"";"";"";"";"";"";"2914,70";"0,0"
"15/09/2026";"1600";"29,5";"29,5";"28,1";"59,0";"66,0";"58,0";"20,5";"21,7";"20,3";"";"";"";"";"";"";"2520,50";"0,0"
"15/09/2026";"1700";"31,1";"31,6";"29,4";"54,0";"61,0";"53,0";"20,7";"21,4";"20,1";"";"";"";"";"";"";"3013,30";"0,0"
"15/09/2026";"1800";"30,1";"31,2";"30,1";"56,0";"57,0";"54,0";"20,4";"21,3";"20,4";"";"";"";"";"";"";"2273,80";"0,0"
"15/09/2026";"1900";"28,9";"30,3";"28,9";"57,0";"58,0";"55,0";"19,6";"21,0";"19,4";"";"";"";"";"";"";"1435,60";"0,0"
"15/09/2026";"2000";"27,1";"28,9";"27,1";"62,0";"62,0";"57,0";"19,2";"20,1";"18,9";"";"";"";"";"";"";"676,70";"0,0"
"15/09/2026";"2100";"25,3";"27,1";"25,3";"67,0";"68,0";"62,0";"18,8";"19,4";"18,6";"";"";"";"";"";"";"37,50";"0,0"
"15/09/2026";"2200";"24,4";"25,3";"24,4";"72,0";"73,0";"67,0";"19,1";"19,2";"18,8";"";"";"";"";"";"";"";"0,0"
"15/09/2026";"2300";"24,2";"24,4";"24,2";"75,0";"75,0";"72,0";"19,4";"19,4";"18,9";"";"";"";"";"";"";"";"0,0"
"16/09/2026";"0000";"24,0";"24,2";"24,0";"77,0";"77,0";"74,0";"19,7";"19,7";"19,2";"";"";"";"";"";"";"";"0,0"
"16/09/2026";"0100";"23,7";"24,0";"23,7";"78,0";"79,0";"76,0";"19,7";"19,8";"19,5";"";"";"";"";"";"";"";"0,0"
"16/09/2026";"0200";"23,6";"23,7";"23,5";"81,0";"81,0";"78,0";"20,1";"20,1";"19,7";"";"";"";"";"";"";"";"0,0"
"16/09/2026";"0300";"23,2";"23,6";"23,2";"81,0";"82,0";"81,0";"19,8";"20,2";"19,7";"";"";"";"";"";"";"";"0,0"
"16/09/2026";"0400";"22,7";"23,2";"22,7";"85,0";"85,0";"81,0";"20,1";"20,1";"19,7";"";"";"";"";"";"";"";"0,0"
"16/09/2026";"0500";"22,1";"22,7";"22,1";"88,0";"88,0";"85,0";"20,1";"20,1";"19,9";"";"";"";"";"";"";"";"0,0"
"16/09/2026";"0600";"22,5";"22,5";"22,1";"88,0";"88,0";"86,0";"20,3";"20,3";"19,8";"";"";"";"";"";"";"";"0,0"
"16/09/2026";"0700";"22,0";"22,5";"22,0";"92,0";"92,0";"87,0";"20,7";"20,9";"20,3";"";"";"";"";"";"";"";"0,0"
"16/09/2026";"0800";"22,0";"22,1";"21,9";"93,0";"93,0";"91,0";"20,7";"20,7";"20,6";"";"";"";"";"";"";"";"0,0"
"16/09/2026";"0900";"22,2";"22,2";"21,9";"91,0";"94,0";"91,0";"20,8";"20,8";"20,6";"";"";"";"";"";"";"25,40";"0,0"
"16/09/2026";"1000";"23,7";"23,7";"22,2";"83,0";"92,0";"83,0";"20,6";"21,2";"20,6";"";"";"";"";"";"";"308,00";"0,0"
"16/09/2026";"1100";"26,3";"26,3";"23,6";"75,0";"84,0";"74,0";"21,6";"21,6";"20,5";"";"";"";"";"";"";"1312,40";"0,0"
"16/09/2026";"1200";"27,7";"27,8";"26,3";"67,0";"76,0";"66,0";"21,0";"22,5";"20,4";"";"";"";"";"";"";"1993,10";"0,0"
"16/09/2026";"1300";"27,5";"29,8";"27,5";"74,0";"74,0";"57,0";"22,5";"22,6";"19,5";"";"";"";"";"";"";"2106,20";"0,0"
"16/09/2026";"1400";"28,4";"28,4";"27,0";"72,0";"76,0";"68,0";"22,8";"22,9";"21,2";"";"";"";"";"";"";"2191,50";"0,0"
"16/09/2026";"1500";"29,3";"29,4";"27,8";"63,0";"74,0";"63,0";"21,7";"23,2";"21,1";"";"";"";"";"";"";"3371,20";"0,0"
"16/09/2026";"1600";"30,2";"30,2";"29,0";"54,0";"67,0";"52,0";"19,8";"22,3";"19,1";"";"";"";"";"";"";"3115,30";"0,0"
"16/09/2026";"1700";"30,6";"31,1";"29,9";"54,0";"57,0";"51,0";"20,3";"20,7";"19,8";"";"";"";"";"";"";"2853,10";"0,0"
"16/09/2026";"1800";"28,7";"30,7";"28,6";"59,0";"59,0";"53,0";"19,9";"20,5";"19,6";"";"";"";"";"";"";"1966,00";"0,0"
"16/09/2026";"1900";"27,7";"28,8";"27,7";"60,0";"61,0";"57,0";"19,3";"20,1";"19,1";"";"";"";"";"";"";"1200,50";"0,0"
"16/09/2026";"2000";"26,4";"27,8";"26,4";"63,0";"63,0";"59,0";"18,7";"19,6";"18,6";"";"";"";"";"";"";"621,60";"0,0"
"16/09/2026";"2100";"24,7";"26,4";"24,7";"69,0";"69,0";"62,0";"18,7";"18,9";"18,5";"";"";"";"";"";"";"37,60";"0,0"
"16/09/2026";"2200";"23,6";"24,7";"23,5";"74,0";"74,0";"69,0";"18,7";"18,8";"18,5";"";"";"";"";"";"";"";"0,0"
"16/09/2026";"2300";"23,2";"23,6";"23,1";"79,0";"79,0";"74,0";"19,3";"19,3";"18,6";"";"";"";"";"";"";"";"0,0"
"17/09/2026";"0000";"22,6";"23,2";"22,6";"79,0";"80,0";"78,0";"18,8";"19,3";"18,7";"";"";"";"";"";"";"";"0,0"
"17/09/2026";"0100";"22,4";"22,6";"22,0";"81,0";"83,0";"79,0";"18,9";"19,0";"18,8";"";"";"";"";"";"";"";"0,0"
"17/09/2026";"0200";"22,2";"22,4";"22,1";"85,0";"86,0";"80,0";"19,6";"19,6";"18,9";"";"";"";"";"";"";"";"0,0"
"17/09/2026";"0300";"22,1";"22,4";"22,0";"86,0";"87,0";"84,0";"19,7";"19,7";"19,6";"";"";"";"";"";"";"";"0,0"
"17/09/2026";"0400";"21,8";"22,2";"21,8";"88,0";"88,0";"85,0";"19,8";"19,8";"19,6";"";"";"";"";"";"";"";"0,0"
"17/09/2026";"0500";"21,1";"21,8";"21,1";"91,0";"91,0";"88,0";"19,6";"19,9";"19,6";"";"";"";"";"";"";"";"0,0"
"17/09/2026";"0600";"20,9";"21,2";"20,9";"92,0";"92,0";"91,0";"19,7";"19,8";"19,5";"";"";"";"";"";"";"";"0,0"
"17/09/2026";"0700";"20,9";"21,0";"20,9";"92,0";"93,0";"91,0";"19,5";"19,7";"19,5";"";"";"";"";"";"";"";"0,0"
"17/09/2026";"0800";"21,0";"21,1";"20,7";"91,0";"92,0";"91,0";"19,5";"19,6";"19,4";"";"";"";"";"";"";"";"0,0"
"17/09/2026";"0900";"21,4";"21,4";"20,9";"90,0";"92,0";"90,0";"19,7";"19,7";"19,4";"";"";"";"";"";"";"23,10";"0,0"
"17/09/2026";"1000";"23,9";"23,9";"21,4";"80,0";"90,0";"80,0";"20,2";"20,7";"19,7";"";"";"";"";"";"";"253,90";"0,0"
"17/09/2026";"1100";"26,7";"26,9";"23,9";"67,0";"81,0";"65,0";"20,1";"20,9";"19,7";"";"";"";"";"";"";"1282,70";"0,0"
"17/09/2026";"1200";"28,4";"28,4";"26,7";"66,0";"69,0";"63,0";"21,5";"21,7";"19,8";"";"";"";"";"";"";"1490,50";"0,0"
"17/09/2026";"1300";"27,8";"29,3";"27,8";"69,0";"69,0";"61,0";"21,5";"22,0";"20,7";"";"";"";"";"";"";"1650,00";"0,0"
"17/09/2026";"1400";"28,9";"29,5";"27,8";"63,0";"69,0";"61,0";"21,2";"22,2";"20,9";"";"";"";"";"";"";"1672,00";"0,0"
"17/09/2026";"1500";"28,9";"29,6";"28,3";"65,0";"68,0";"62,0";"21,6";"22,2";"21,4";"";"";"";"";"";"";"1635,90";"0,0"
"17/09/2026";"1600";"28,7";"30,2";"28,7";"66,0";"66,0";"61,0";"21,8";"22,8";"21,3";"";"";"";"";"";"";"1958,40";"0,0"
"17/09/2026";"1700";"27,9";"29,6";"27,9";"69,0";"69,0";"62,0";"21,6";"22,1";"21,1";"";"";"";"";"";"";"1357,60";"0,0"
"17/09/2026";"1800";"27,7";"28,2";"27,6";"69,0";"72,0";"67,0";"21,6";"22,2";"21,4";"";"";"";"";"";"";"908,30";"0,0"
"17/09/2026";"1900";"26,3";"27,8";"26,3";"73,0";"75,0";"69,0";"21,1";"21,8";"21,0";"";"";"";"";"";"";"303,30";"0,0"
"17/09/2026";"2000";"24,7";"26,4";"24,7";"83,0";"86,0";"72,0";"21,6";"22,7";"20,8";"";"";"";"";"";"";"138,10";"0,0"
"17/09/2026";"2100";"25,0";"25,4";"24,5";"81,0";"84,0";"77,0";"21,5";"21,6";"20,8";"";"";"";"";"";"";"12,10";"0,0"
"17/09/2026";"2200";"25,1";"25,2";"25,0";"78,0";"81,0";"78,0";"21,0";"21,7";"21,0";"";"";"";"";"";"";"";"0,0"
"17/09/2026";"2300";"25,2";"25,2";"25,0";"79,0";"80,0";"78,0";"21,2";"21,5";"21,0";"";"";"";"";"";"";"";"0,0"
"18/09/2026";"0000";"25,0";"25,3";"25,0";"80,0";"81,0";"79,0";"21,4";"21,7";"21,2";"";"";"";"";"";"";"";"0,0"
"18/09/2026";"0100";"24,6";"25,0";"24,6";"81,0";"81,0";"79,0";"21,1";"21,5";"20,9";"";"";"";"";"";"";"";"0,0"
"18/09/2026";"0200";"24,5";"24,7";"24,5";"83,0";"83,0";"80,0";"21,5";"21,6";"21,1";"";"";"";"";"";"";"";"0,0"
"18/09/2026";"0300";"24,4";"24,6";"24,4";"84,0";"85,0";"83,0";"21,5";"21,7";"21,4";"";"";"";"";"";"";"";"0,0"
"18/09/2026";"0400";"24,5";"24,5";"24,3";"84,0";"85,0";"83,0";"21,6";"21,7";"21,4";"";"";"";"";"";"";"";"0,0"
"18/09/2026";"0500";"24,6";"24,7";"24,5";"84,0";"85,0";"84,0";"21,7";"22,0";"21,7";"";"";"";"";"";"";"";"0,0"
"18/09/2026";"0600";"24,5";"24,7";"24,5";"86,0";"88,0";"84,0";"21,9";"22,3";"21,7";"";"";"";"";"";"";"";"0,0"
"18/09/2026";"0700";"24,2";"24,5";"24,2";"87,0";"87,0";"85,0";"21,9";"22,1";"21,7";"";"";"";"";"";"";"";"0,0"
"18/09/2026";"0800";"23,8";"24,2";"23,8";"87,0";"88,0";"86,0";"21,5";"22,0";"21,5";"";"";"";"";"";"";"";"0,0"
"18/09/2026";"0900";"23,8";"23,8";"23,6";"89,0";"89,0";"87,0";"21,8";"21,8";"21,5";"";"";"";"";"";"";"25,90";"0,0"
"18/09/2026";"1000";"25,4";"25,4";"23,8";"82,0";"89,0";"81,0";"22,1";"22,3";"21,8";"";"";"";"";"";"";"328,00";"0,0"
"18/09/2026";"1100";"24,7";"25,5";"24,5";"91,0";"92,0";"80,0";"23,1";"23,1";"21,8";"";"";"";"";"";"";"650,10";"0,0"
"18/09/2026";"1200";"26,2";"27,0";"24,7";"94,0";"95,0";"79,0";"25,2";"25,3";"22,8";"";"";"";"";"";"";"1478,40";"0,2"
"18/09/2026";"1300";"27,3";"27,3";"25,3";"88,0";"96,0";"87,0";"25,1";"25,7";"23,6";"";"";"";"";"";"";"1990,10";"0,0"
"18/09/2026";"1400";"26,5";"27,3";"25,5";"85,0";"90,0";"84,0";"23,9";"25,0";"22,9";"";"";"";"";"";"";"1443,10";"0,0"
"18/09/2026";"1500";"28,7";"28,7";"25,5";"71,0";"86,0";"66,0";"22,9";"23,8";"21,3";"";"";"";"";"";"";"2602,90";"0,0"
"18/09/2026";"1600";"29,0";"30,1";"28,4";"67,0";"71,0";"63,0";"22,1";"23,3";"21,8";"";"";"";"";"";"";"2683,90";"0,0"
"18/09/2026";"1700";"28,3";"29,7";"28,3";"67,0";"69,0";"62,0";"21,5";"22,5";"21,2";"";"";"";"";"";"";"2226,20";"0,0"
"18/09/2026";"1800";"28,7";"29,6";"28,2";"67,0";"70,0";"61,0";"22,0";"22,7";"21,0";"";"";"";"";"";"";"1901,70";"0,0"
"18/09/2026";"1900";"27,0";"29,0";"27,0";"75,0";"75,0";"65,0";"22,2";"22,6";"21,2";"";"";"";"";"";"";"1165,30";"0,0"
"18/09/2026";"2000";"26,0";"27,0";"26,0";"78,0";"80,0";"75,0";"21,8";"22,5";"21,7";"";"";"";"";"";"";"211,70";"0,0"
"18/09/2026";"2100";"25,2";"26,0";"25,2";"83,0";"84,0";"77,0";"22,1";"22,4";"21,5";"";"";"";"";"";"";"38,60";"0,0"
"18/09/2026";"2200";"24,7";"25,2";"24,7";"84,0";"84,0";"83,0";"21,8";"22,1";"21,7";"";"";"";"";"";"";"";"0,0"
"18/09/2026";"2300";"23,8";"24,7";"23,8";"94,0";"94,0";"84,0";"22,7";"23,0";"21,8";"";"";"";"";"";"";"";"0,0"
"19/09/2026";"0000";"23,5";"23,8";"23,5";"94,0";"94,0";"94,0";"22,5";"22,7";"22,5";"";"";"";"";"";"";"";"0,0"
"19/09/2026";"0100";"23,1";"23,5";"23,1";"94,0";"94,0";"93,0";"22,0";"22,5";"22,0";"";"";"";"";"";"";"";"0,0"
"19/09/2026";"0200";"23,0";"23,4";"23,0";"96,0";"96,0";"92,0";"22,3";"22,4";"21,9";"";"";"";"";"";"";"";"0,0"
"19/09/2026";"0300";"23,3";"23,3";"23,0";"94,0";"96,0";"94,0";"22,3";"22,5";"22,3";"";"";"";"";"";"";"";"0,0"
"19/09/2026";"0400";"23,1";"23,4";"23,1";"95,0";"95,0";"93,0";"22,2";"22,3";"22,2";"";"";"";"";"";"";"";"0,0"
"19/09/2026";"0500";"23,1";"23,2";"23,0";"96,0";"96,0";"95,0";"22,4";"22,6";"22,2";"";"";"";"";"";"";"";"0,0"
"19/09/2026";"0600";"22,7";"23,1";"22,6";"96,0";"96,0";"95,0";"22,0";"22,5";"21,9";"";"";"";"";"";"";"";"0,0"
"19/09/2026";"0700";"23,0";"23,0";"22,7";"94,0";"96,0";"93,0";"22,0";"22,1";"21,7";"";"";"";"";"";"";"";"0,0"
"19/09/2026";"0800";"22,7";"23,0";"22,7";"97,0";"97,0";"94,0";"22,3";"22,3";"22,0";"";"";"";"";"";"";"";"0,6"
"19/09/2026";"0900";"22,9";"22,9";"22,7";"99,0";"99,0";"97,0";"22,6";"22,6";"22,3";"";"";"";"";"";"";"50,40";"0,4"
"19/09/2026";"1000";"22,5";"23,4";"22,5";"99,0";"99,0";"98,0";"22,3";"23,2";"22,3";"";"";"";"";"";"";"205,10";"3,2"
"19/09/2026";"1100";"24,6";"24,9";"22,5";"95,0";"99,0";"95,0";"23,7";"24,4";"22,3";"";"";"";"";"";"";"1005,40";"0,2"
"19/09/2026";"1200";"25,1";"25,1";"23,6";"92,0";"97,0";"90,0";"23,8";"24,2";"22,9";"";"";"";"";"";"";"1305,70";"0,2"
"19/09/2026";"1300";"25,8";"26,2";"25,1";"86,0";"93,0";"84,0";"23,2";"24,7";"22,8";"";"";"";"";"";"";"1606,00";"0,0"
"19/09/2026";"1400";"26,4";"26,4";"25,4";"85,0";"90,0";"81,0";"23,7";"24,2";"22,5";"";"";"";"";"";"";"1418,70";"0,0"
"19/09/2026";"1500";"25,9";"28,1";"25,8";"91,0";"95,0";"76,0";"24,4";"25,3";"22,8";"";"";"";"";"";"";"2480,70";"0,0"
"19/09/2026";"1600";"25,8";"26,7";"25,4";"83,0";"93,0";"80,0";"22,7";"24,7";"22,2";"";"";"";"";"";"";"2313,30";"0,0"
"19/09/2026";"1700";"26,1";"26,3";"25,7";"76,0";"85,0";"74,0";"21,5";"23,4";"20,9";"";"";"";"";"";"";"1723,20";"0,0"
"19/09/2026";"1800";"25,4";"26,8";"25,3";"77,0";"79,0";"74,0";"21,1";"22,6";"20,6";"";"";"";"";"";"";"1287,10";"0,0"
"19/09/2026";"1900";"25,0";"25,7";"25,0";"81,0";"83,0";"76,0";"21,6";"22,6";"21,0";"";"";"";"";"";"";"599,00";"0,0"
"19/09/2026";"2000";"24,9";"25,2";"24,9";"85,0";"86,0";"81,0";"22,1";"22,7";"21,6";"";"";"";"";"";"";"246,70";"0,0"
"19/09/2026";"2100";"24,4";"24,9";"24,4";"88,0";"91,0";"85,0";"22,3";"22,9";"22,2";"";"";"";"";"";"";"8,10";"0,0"
"19/09/2026";"2200";"23,8";"24,4";"23,6";"90,0";"91,0";"86,0";"22,0";"22,2";"21,6";"";"";"";"";"";"";"";"0,0"
"19/09/2026";"2300";"24,1";"24,1";"23,8";"86,0";"90,0";"86,0";"21,6";"22,0";"21,5";"";"";"";"";"";"";"";"0,0"
"20/09/2026";"0000";"23,8";"24,1";"23,8";"84,0";"88,0";"84,0";"21,0";"22,0";"21,0";"";"";"";"";"";"";"";"0,0"
"20/09/2026";"0100";"23,5";"23,8";"23,4";"87,0";"87,0";"83,0";"21,1";"21,2";"20,6";"";"";"";"";"";"";"";"0,0"
"20/09/2026";"0200";"23,0";"23,6";"23,0";"88,0";"90,0";"86,0";"20,9";"21,7";"20,8";"";"";"";"";"";"";"";"0,0"
"20/09/2026";"0300";"23,1";"23,2";"22,8";"87,0";"88,0";"86,0";"20,8";"21,1";"20,4";"";"";"";"";"";"";"";"0,0"
"20/09/2026";"0400";"23,2";"23,2";"22,9";"90,0";"91,0";"87,0";"21,5";"21,5";"20,8";"";"";"";"";"";"";"";"0,0"
"20/09/2026";"0500";"23,4";"23,5";"23,2";"86,0";"90,0";"85,0";"20,9";"21,5";"20,7";"";"";"";"";"";"";"";"0,0"
"20/09/2026";"0600";"23,1";"23,7";"23,1";"87,0";"91,0";"85,0";"20,7";"22,1";"20,7";"";"";"";"";"";"";"";"0,0"
"20/09/2026";"0700";"23,0";"23,2";"22,9";"88,0";"89,0";"86,0";"20,8";"21,3";"20,6";"";"";"";"";"";"";"";"0,0"
"20/09/2026";"0800";"23,1";"23,1";"23,0";"85,0";"88,0";"85,0";"20,5";"20,9";"20,4";"";"";"";"";"";"";"";"0,0"
"20/09/2026";"0900";"23,3";"23,3";"23,0";"85,0";"86,0";"84,0";"20,7";"20,7";"20,2";"";"";"";"";"";"";"38,70";"0,0"
"20/09/2026";"1000";"25,0";"25,1";"23,3";"76,0";"85,0";"76,0";"20,6";"21,1";"20,3";"";"";"";"";"";"";"447,60";"0,0"
"20/09/2026";"1100";"25,8";"26,3";"25,0";"73,0";"79,0";"72,0";"20,7";"21,3";"20,5";"";"";"";"";"";"";"1040,50";"0,0"
"20/09/2026";"1200";"23,4";"25,8";"23,4";"84,0";"88,0";"73,0";"20,4";"21,5";"20,4";"";"";"";"";"";"";"646,10";"0,0"
"20/09/2026";"1300";"25,0";"25,0";"23,4";"74,0";"85,0";"72,0";"20,0";"21,2";"19,3";"";"";"";"";"";"";"839,30";"0,0"
"20/09/2026";"1400";"26,6";"27,3";"25,0";"73,0";"74,0";"66,0";"21,3";"21,3";"19,8";"";"";"";"";"";"";"2243,60";"0,0"
"20/09/2026";"1500";"26,6";"27,6";"26,0";"73,0";"82,0";"69,0";"21,3";"22,7";"21,2";"";"";"";"";"";"";"2054,20";"0,0"
"20/09/2026";"1600";"28,4";"28,4";"25,9";"67,0";"75,0";"63,0";"21,6";"21,6";"20,6";"";"";"";"";"";"";"2394,30";"0,0"
"20/09/2026";"1700";"28,3";"28,6";"26,7";"64,0";"77,0";"62,0";"20,9";"23,3";"20,3";"";"";"";"";"";"";"2547,00";"0,0"
"20/09/2026";"1800";"28,7";"29,3";"28,2";"65,0";"67,0";"62,0";"21,4";"21,8";"20,8";"";"";"";"";"";"";"2211,00";"0,0"
"20/09/2026";"1900";"27,6";"28,7";"27,3";"68,0";"70,0";"64,0";"21,2";"21,5";"20,6";"";"";"";"";"";"";"1261,30";"0,0"
"20/09/2026";"2000";"26,6";"27,6";"26,6";"72,0";"74,0";"68,0";"21,2";"21,7";"21,0";"";"";"";"";"";"";"721,30";"0,0"
"20/09/2026";"2100";"25,0";"26,5";"25,0";"80,0";"80,0";"72,0";"21,3";"21,4";"21,1";"";"";"";"";"";"";"45,70";"0,0"
"20/09/2026";"2200";"25,0";"25,0";"24,9";"81,0";"81,0";"79,0";"21,4";"21,5";"21,0";"";"";"";"";"";"";"";"0,0"
"20/09/2026";"2300";"23,9";"25,0";"23,9";"86,0";"86,0";"81,0";"21,3";"21,5";"20,8";"";"";"";"";"";"";"";"0,0"
"21/09/2026";"0000";"23,1";"23,9";"23,1";"91,0";"91,0";"86,0";"21,6";"21,6";"21,3";"";"";"";"";"";"";"";"0,0"
"21/09/2026";"0100";"23,5";"23,5";"23,0";"92,0";"93,0";"91,0";"22,0";"22,0";"21,5";"";"";"";"";"";"";"";"0,0"
"21/09/2026";"0200";"23,6";"23,6";"23,5";"91,0";"92,0";"91,0";"21,9";"22,1";"21,9";"";"";"";"";"";"";"";"0,0"
"21/09/2026";"0300";"23,0";"23,6";"23,0";"92,0";"92,0";"90,0";"21,7";"21,9";"21,6";"";"";"";"";"";"";"";"0,0"
"21/09/2026";"0400";"22,7";"23,0";"22,7";"92,0";"93,0";"92,0";"21,4";"21,6";"21,4";"";"";"";"";"";"";"";"0,0"
"21/09/2026";"0500";"22,8";"22,8";"22,7";"93,0";"93,0";"92,0";"21,6";"21,6";"21,4";"";"";"";"";"";"";"";"0,0"
"21/09/2026";"0600";"22,7";"22,8";"22,6";"92,0";"93,0";"92,0";"21,4";"21,6";"21,3";"";"";"";"";"";"";"";"0,0"
"21/09/2026";"0700";"22,6";"23,0";"22,6";"96,0";"96,0";"92,0";"22,0";"22,1";"21,3";"";"";"";"";"";"";"";"1,0"
"21/09/2026";"0800";"21,9";"22,6";"21,9";"98,0";"98,0";"96,0";"21,6";"21,9";"21,6";"";"";"";"";"";"";"";"0,2"
"21/09/2026";"0900";"22,0";"22,0";"21,8";"99,0";"99,0";"98,0";"21,8";"21,8";"21,6";"";"";"";"";"";"";"27,80";"0,0"
"21/09/2026";"1000";"23,3";"23,4";"22,0";"95,0";"99,0";"95,0";"22,4";"23,1";"21,8";"";"";"";"";"";"";"304,70";"0,0"
"21/09/2026";"1100";"25,2";"25,2";"23,3";"80,0";"96,0";"79,0";"21,4";"23,3";"21,1";"";"";"";"";"";"";"1024,70";"0,0"
"21/09/2026";"1200";"26,3";"27,1";"25,2";"75,0";"83,0";"71,0";"21,5";"23,3";"20,3";"";"";"";"";"";"";"1552,20";"0,0"
"21/09/2026";"1300";"26,8";"27,4";"26,0";"73,0";"78,0";"67,0";"21,7";"22,6";"20,7";"";"";"";"";"";"";"1445,60";"0,0"
"21/09/2026";"1400";"26,9";"27,8";"26,6";"75,0";"77,0";"72,0";"22,1";"23,2";"21,3";"";"";"";"";"";"";"2613,70";"0,0"
"21/09/2026";"1500";"27,2";"27,7";"26,8";"73,0";"78,0";"72,0";"22,0";"22,9";"21,8";"";"";"";"";"";"";"2881,00";"0,0"
"21/09/2026";"1600";"28,4";"29,2";"27,2";"68,0";"75,0";"65,0";"21,9";"23,1";"21,5";"";"";"";"";"";"";"3166,90";"0,0"
"21/09/2026";"1700";"30,0";"30,2";"28,2";"62,0";"70,0";"57,0";"22,0";"22,3";"19,6";"";"";"";"";"";"";"2031,20";"0,0"
"21/09/2026";"1800";"29,4";"30,5";"29,2";"62,0";"66,0";"58,0";"21,4";"22,4";"20,9";"";"";"";"";"";"";"2262,80";"0,0"
"21/09/2026";"1900";"28,1";"29,4";"28,1";"67,0";"67,0";"62,0";"21,3";"21,8";"20,9";"";"";"";"";"";"";"1407,10";"0,0"
"21/09/2026";"2000";"26,4";"28,1";"26,4";"74,0";"74,0";"65,0";"21,4";"21,7";"20,8";"";"";"";"";"";"";"656,60";"0,0"
"21/09/2026";"2100";"24,9";"26,4";"24,9";"81,0";"82,0";"73,0";"21,4";"21,5";"21,0";"";"";"";"";"";"";"35,80";"0,0"
"21/09/2026";"2200";"23,9";"24,9";"23,9";"86,0";"86,0";"81,0";"21,5";"21,6";"21,4";"";"";"";"";"";"";"";"0,0"
"21/09/2026";"2300";"23,6";"23,9";"23,6";"88,0";"89,0";"86,0";"21,6";"21,6";"21,5";"";"";"";"";"";"";"";"0,0"
"22/09/2026";"0000";"23,4";"23,6";"23,4";"91,0";"91,0";"88,0";"21,8";"21,9";"21,6";"";"";"";"";"";"";"";"0,0"
"22/09/2026";"0100";"23,0";"23,4";"23,0";"92,0";"92,0";"89,0";"21,6";"21,8";"21,5";"";"";"";"";"";"";"";"0,0"
"22/09/2026";"0200";"22,8";"23,0";"22,7";"92,0";"93,0";"92,0";"21,5";"21,7";"21,5";"";"";"";"";"";"";"";"0,0"
"22/09/2026";"0300";"22,7";"22,8";"22,6";"93,0";"93,0";"92,0";"21,5";"21,5";"21,4";"";"";"";"";"";"";"";"0,0"
"22/09/2026";"0400";"22,3";"22,8";"22,3";"94,0";"95,0";"92,0";"21,4";"21,5";"21,4";"";"";"";"";"";"";"";"0,0"
"22/09/2026";"0500";"22,5";"22,5";"22,3";"95,0";"95,0";"94,0";"21,5";"21,6";"21,4";"";"";"";"";"";"";"";"0,0"
"22/09/2026";"0600";"22,6";"22,7";"22,4";"95,0";"96,0";"94,0";"21,8";"21,9";"21,5";"";"";"";"";"";"";"";"0,0"
"22/09/2026";"0700";"22,2";"22,6";"22,2";"96,0";"96,0";"95,0";"21,5";"21,8";"21,5";"";"";"";"";"";"";"";"0,0"
"22/09/2026";"0800";"21,9";"22,2";"21,8";"97,0";"97,0";"96,0";"21,3";"21,6";"21,3";"";"";"";"";"";"";"";"0,0"
"22/09/2026";"0900";"22,1";"22,1";"21,9";"97,0";"98,0";"96,0";"21,7";"21,7";"21,3";"";"";"";"";"";"";"38,00";"0,0"
"22/09/2026";"1000";"23,4";"23,4";"22,1";"92,0";"97,0";"92,0";"22,0";"22,1";"21,7";"";"";"";"";"";"";"347,40";"0,0"
"22/09/2026";"1100";"24,8";"24,9";"23,4";"84,0";"92,0";"83,0";"21,9";"22,2";"21,6";"";"";"";"";"";"";"1305,60";"0,0"
"22/09/2026";"1200";"25,5";"25,9";"24,8";"83,0";"84,0";"78,0";"22,4";"22,7";"21,5";"";"";"";"";"";"";"1722,00";"0,0"
"22/09/2026";"1300";"26,1";"26,1";"25,4";"81,0";"85,0";"79,0";"22,6";"23,0";"22,1";"";"";"";"";"";"";"1488,10";"0,0"
"22/09/2026";"1400";"27,4";"28,0";"25,5";"67,0";"82,0";"67,0";"20,6";"23,6";"20,3";"";"";"";"";"";"";"2059,60";"0,0"
"22/09/2026";"1500";"29,4";"29,7";"27,3";"62,0";"69,0";"58,0";"21,4";"22,4";"19,8";"";"";"";"";"";"";"2974,30";"0,0"
"22/09/2026";"1600";"30,6";"31,3";"29,3";"59,0";"67,0";"57,0";"21,7";"22,7";"21,2";"";"";"";"";"";"";"3579,70";"0,0"
"22/09/2026";"1700";"30,8";"31,3";"30,5";"55,0";"60,0";"54,0";"20,7";"22,1";"20,5";"";"";"";"";"";"";"3029,40";"0,0"
"22/09/2026";"1800";"30,5";"31,0";"30,4";"57,0";"58,0";"54,0";"21,0";"21,6";"20,5";"";"";"";"";"";"";"2278,90";"0,0"
"22/09/2026";"1900";"28,5";"30,5";"28,5";"55,0";"58,0";"53,0";"18,6";"20,9";"18,1";"";"";"";"";"";"";"1408,90";"0,0"
"22/09/2026";"2000";"27,0";"28,6";"27,0";"68,0";"68,0";"53,0";"20,5";"20,5";"17,7";"";"";"";"";"";"";"651,30";"0,0"
"22/09/2026";"2100";"25,4";"27,0";"25,4";"79,0";"79,0";"67,0";"21,5";"21,5";"20,5";"";"";"";"";"";"";"37,70";"0,0"
"22/09/2026";"2200";"24,7";"25,4";"24,7";"84,0";"84,0";"79,0";"21,7";"21,7";"21,4";"";"";"";"";"";"";"";"0,0"
"22/09/2026";"2300";"24,3";"24,7";"24,3";"86,0";"86,0";"84,0";"21,7";"21,8";"21,7";"";"";"";"";"";"";"";"0,0"
"23/09/2026";"0000";"23,9";"24,3";"23,9";"87,0";"88,0";"86,0";"21,7";"21,9";"21,7";"";"";"";"";"";"";"";"0,0"
"23/09/2026";"0100";"23,6";"23,9";"23,6";"89,0";"89,0";"87,0";"21,7";"21,7";"21,6";"";"";"";"";"";"";"";"0,0"
"23/09/2026";"0200";"23,3";"23,6";"23,3";"89,0";"90,0";"89,0";"21,4";"21,7";"21,4";"";"";"";"";"";"";"";"0,0"
"23/09/2026";"0300";"23,1";"23,3";"23,1";"90,0";"90,0";"89,0";"21,3";"21,5";"21,3";"";"";"";"";"";"";"";"0,0"
"23/09/2026";"0400";"22,9";"23,2";"22,9";"91,0";"91,0";"89,0";"21,4";"21,4";"21,3";"";"";"";"";"";"";"";"0,0"
"23/09/2026";"0500";"22,1";"22,9";"22,1";"94,0";"94,0";"91,0";"21,2";"21,4";"21,1";"";"";"";"";"";"";"";"0,0"
"23/09/2026";"0600";"21,9";"22,2";"21,9";"96,0";"96,0";"94,0";"21,3";"21,4";"21,2";"";"";"";"";"";"";"";"0,0"
"23/09/2026";"0700";"21,6";"22,0";"21,6";"97,0";"97,0";"96,0";"21,1";"21,3";"21,1";"";"";"";"";"";"";"";"0,0"
"23/09/2026";"0800";"21,3";"21,6";"21,2";"98,0";"98,0";"97,0";"21,0";"21,1";"20,8";"";"";"";"";"";"";"";"0,0"
"23/09/2026";"0900";"21,4";"21,4";"21,2";"98,0";"98,0";"98,0";"21,1";"21,1";"20,8";"";"";"";"";"";"";"40,90";"0,0"
"23/09/2026";"1000";"22,9";"22,9";"21,4";"90,0";"98,0";"90,0";"21,3";"21,7";"21,1";"";"";"";"";"";"";"351,20";"0,0"
"23/09/2026";"1100";"25,2";"25,3";"22,9";"81,0";"91,0";"81,0";"21,8";"22,1";"21,3";"";"";"";"";"";"";"1389,00";"0,0"
"23/09/2026";"1200";"27,6";"27,6";"24,7";"69,0";"84,0";"69,0";"21,4";"22,7";"21,1";"";"";"";"";"";"";"2217,60";"0,0"
"23/09/2026";"1300";"28,2";"28,8";"27,2";"63,0";"76,0";"60,0";"20,6";"22,7";"20,3";"";"";"";"";"";"";"2667,70";"0,0"
"23/09/2026";"1400";"28,1";"28,9";"27,6";"72,0";"75,0";"62,0";"22,5";"23,2";"20,4";"";"";"";"";"";"";"3080,70";"0,0"
"23/09/2026";"1500";"28,7";"29,0";"27,6";"72,0";"76,0";"70,0";"23,1";"23,8";"21,9";"";"";"";"";"";"";"3291,90";"0,0"
"23/09/2026";"1600";"29,5";"29,8";"28,6";"68,0";"74,0";"65,0";"23,1";"23,9";"22,3";"";"";"";"";"";"";"3541,80";"0,0"
"23/09/2026";"1700";"31,5";"31,6";"29,3";"56,0";"69,0";"55,0";"21,6";"23,6";"20,9";"";"";"";"";"";"";"3101,20";"0,0"
"23/09/2026";"1800";"30,5";"31,5";"30,0";"58,0";"60,0";"55,0";"21,3";"22,0";"20,8";"";"";"";"";"";"";"1936,00";"0,0"
"23/09/2026";"1900";"28,8";"30,6";"28,8";"62,0";"63,0";"57,0";"20,7";"21,7";"20,6";"";"";"";"";"";"";"1266,40";"0,0"
"23/09/2026";"2000";"27,1";"28,8";"27,1";"68,0";"68,0";"61,0";"20,6";"20,8";"20,2";"";"";"";"";"";"";"541,00";"0,0"
"23/09/2026";"2100";"25,9";"27,1";"25,9";"80,0";"80,0";"68,0";"22,1";"22,1";"20,7";"";"";"";"";"";"";"26,10";"0,0"
"23/09/2026";"2200";"25,2";"25,9";"25,2";"83,0";"83,0";"80,0";"22,1";"22,3";"22,0";"";"";"";"";"";"";"";"0,0"
"23/09/2026";"2300";"24,8";"25,2";"24,8";"87,0";"87,0";"83,0";"22,4";"22,4";"22,1";"";"";"";"";"";"";"";"0,0"
"24/09/2026";"0000";"24,4";"24,8";"24,4";"88,0";"88,0";"87,0";"22,3";"22,5";"22,3";"";"";"";"";"";"";"";"0,0"
"24/09/2026";"0100";"24,1";"24,4";"24,1";"88,0";"88,0";"87,0";"22,0";"22,3";"22,0";"";"";"";"";"";"";"";"0,0"
"24/09/2026";"0200";"23,8";"24,1";"23,8";"88,0";"89,0";"87,0";"21,7";"22,0";"21,7";"";"";"";"";"";"";"";"0,0"
"24/09/2026";"0300";"23,5";"23,8";"23,5";"89,0";"89,0";"88,0";"21,7";"21,8";"21,7";"";"";"";"";"";"";"";"0,0"
"24/09/2026";"0400";"23,2";"23,5";"23,2";"91,0";"91,0";"89,0";"21,6";"21,7";"21,5";"";"";"";"";"";"";"";"0,0"
"24/09/2026";"0500";"22,8";"23,2";"22,8";"94,0";"94,0";"91,0";"21,7";"21,7";"21,5";"";"";"";"";"";"";"";"0,0"
"24/09/2026";"0600";"22,9";"22,9";"22,7";"95,0";"95,0";"93,0";"22,1";"22,1";"21,6";"";"";"";"";"";"";"";"0,0"
"24/09/2026";"0700";"22,8";"22,9";"22,7";"96,0";"97,0";"95,0";"22,2";"22,3";"22,0";"";"";"";"";"";"";"";"0,0"
"24/09/2026";"0800";"22,7";"22,8";"22,6";"97,0";"98,0";"96,0";"22,2";"22,3";"22,1";"";"";"";"";"";"";"";"0,0"
"24/09/2026";"0900";"23,1";"23,1";"22,6";"97,0";"98,0";"97,0";"22,6";"22,6";"22,2";"";"";"";"";"";"";"41,30";"0,0"
"24/09/2026";"1000";"24,5";"24,5";"23,1";"93,0";"97,0";"93,0";"23,4";"23,4";"22,5";"";"";"";"";"";"";"262,80";"0,0"
"24/09/2026";"1100";"25,6";"25,6";"24,5";"82,0";"94,0";"82,0";"22,3";"23,5";"21,7";"";"";"";"";"";"";"655,90";"0,0"
"24/09/2026";"1200";"25,8";"26,0";"25,3";"85,0";"87,0";"81,0";"23,1";"23,1";"22,1";"";"";"";"";"";"";"921,00";"0,0"
"24/09/2026";"1300";"27,0";"27,4";"25,8";"78,0";"85,0";"75,0";"22,8";"23,5";"21,8";"";"";"";"";"";"";"1648,60";"0,0"
"24/09/2026";"1400";"28,9";"29,8";"26,5";"62,0";"81,0";"59,0";"21,0";"23,0";"20,5";"";"";"";"";"";"";"2054,60";"0,0"
"24/09/2026";"1500";"29,7";"30,7";"28,5";"61,0";"67,0";"55,0";"21,3";"22,5";"20,5";"";"";"";"";"";"";"2523,40";"0,0"
"24/09/2026";"1600";"30,9";"31,3";"29,5";"55,0";"61,0";"53,0";"20,9";"21,7";"20,4";"";"";"";"";"";"";"3044,80";"0,0"
"24/09/2026";"1700";"30,8";"31,5";"30,6";"53,0";"58,0";"50,0";"20,2";"21,6";"19,4";"";"";"";"";"";"";"2892,70";"0,0"
"24/09/2026";"1800";"30,1";"31,0";"30,1";"54,0";"54,0";"50,0";"19,7";"20,3";"19,2";"";"";"";"";"";"";"2093,30";"0,0"
"24/09/2026";"1900";"29,0";"30,1";"29,0";"53,0";"55,0";"49,0";"18,5";"19,9";"17,5";"";"";"";"";"";"";"1301,50";"0,0"
"24/09/2026";"2000";"27,0";"29,0";"27,0";"65,0";"65,0";"53,0";"19,7";"20,1";"18,2";"";"";"";"";"";"";"539,50";"0,0"
"24/09/2026";"2100";"25,2";"27,0";"25,2";"72,0";"72,0";"64,0";"19,9";"19,9";"19,5";"";"";"";"";"";"";"25,80";"0,0"
"24/09/2026";"2200";"24,6";"25,2";"24,6";"78,0";"78,0";"72,0";"20,5";"20,5";"19,8";"";"";"";"";"";"";"";"0,0"
"24/09/2026";"2300";"24,4";"24,6";"24,4";"82,0";"82,0";"78,0";"21,1";"21,2";"20,5";"";"";"";"";"";"";"";"0,0"
"25/09/2026";"0000";"24,1";"24,4";"24,1";"82,0";"83,0";"82,0";"20,9";"21,2";"20,9";"";"";"";"";"";"";"";"0,0"
"25/09/2026";"0100";"24,2";"24,3";"24,1";"85,0";"85,0";"82,0";"21,5";"21,5";"20,9";"";"";"";"";"";"";"";"0,0"
"25/09/2026";"0200";"23,9";"24,2";"23,9";"86,0";"87,0";"85,0";"21,5";"21,5";"21,4";"";"";"";"";"";"";"";"0,0"
"25/09/2026";"0300";"";"";"";"";"";"";"";"";"";"";"";"";"";"";"";"";""
"25/09/2026";"0400";"";"";"";"";"";"";"";"";"";"";"";"";"";"";"";"";""
"25/09/2026";"0500";"";"";"";"";"";"";"";"";"";"";"";"";"";"";"";"";""
"25/09/2026";"0600";"";"";"";"";"";"";"";"";"";"";"";"";"";"";"";"";""
"25/09/2026";"0700";"";"";"";"";"";"";"";"";"";"";"";"";"";"";"";"";""
"25/09/2026";"0800";"";"";"";"";"";"";"";"";"";"";"";"";"";"";"";"";""
"25/09/2026";"0900";"";"";"";"";"";"";"";"";"";"";"";"";"";"";"";"";""
"25/09/2026";"1000";"";"";"";"";"";"";"";"";"";"";"";"";"";"";"";"";""
"25/09/2026";"1100";"";"";"";"";"";"";"";"";"";"";"";"";"";"";"";"";""
"25/09/2026";"1200";"";"";"";"";"";"";"";"";"";"";"";"";"";"";"";"";""
"25/09/2026";"1300";"";"";"";"";"";"";"";"";"";"";"";"";"";"";"";"";""
"25/09/2026";"1400";"";"";"";"";"";"";"";"";"";"";"";"";"";"";"";"";""
"25/09/2026";"1500";"";"";"";"";"";"";"";"";"";"";"";"";"";"";"";"";""
"25/09/2026";"1600";"";"";"";"";"";"";"";"";"";"";"";"";"";"";"";"";""
"25/09/2026";"1700";"";"";"";"";"";"";"";"";"";"";"";"";"";"";"";"";""
"25/09/2026";"1800";"";"";"";"";"";"";"";"";"";"";"";"";"";"";"";"";""
"25/09/2026";"1900";"";"";"";"";"";"";"";"";"";"";"";"";"";"";"";"";""
"25/09/2026";"2000";"";"";"";"";"";"";"";"";"";"";"";"";"";"";"";"";""
"25/09/2026";"2100";"";"";"";"";"";"";"";"";"";"";"";"";"";"";"";"";""
"25/09/2026";"2200";"";"";"";"";"";"";"";"";"";"";"";"";"";"";"";"";""
"25/09/2026";"2300";"";"";"";"";"";"";"";"";"";"";"";"";"";"";"";"";""